day,month,production,Temperature,Precipitation
7/1/18,7,95915.1273017309,71.5,0
7/2/18,7,95416.581762634,72.5,0
7/3/18,7,95763.528181567,71,0
7/4/18,7,95618.512774213,74.5,0
7/5/18,7,92425.950097026,76,0
7/6/18,7,87096.738935232,88,0
7/7/18,7,73483.074791382,80.5,0
7/8/18,7,79421.965120651,79.5,0
7/9/18,7,81493.1168789619,81,0
7/10/18,7,83338.656049646,76.5,0
7/11/18,7,78005.050095325,79.5,0
7/12/18,7,77684.876746372,79.5,0
7/13/18,7,90768.550044567,78,0
7/14/18,7,93737.4291968989,79,0
7/15/18,7,89694.004317458,76.5,0
7/16/18,7,94374.506636389,77,0
7/17/18,7,96366.3407212669,76,0
7/18/18,7,79757.9811658239,78,0
7/19/18,7,96645.008115548,76.5,0
7/20/18,7,86568.4309525839,76,0
7/21/18,7,77024.567521441,77.5,0
7/22/18,7,98662.478736667,79.5,0
7/23/18,7,97639.992840948,81.5,0
7/24/18,7,94046.423875606,82.5,0
7/25/18,7,95430.2505120339,75.5,0
7/26/18,7,91799.8246494559,73.5,0
7/27/18,7,92566.285209645,79.5,0
7/28/18,7,92539.924354609,74,0
7/29/18,7,82042.048356726,80,0
7/30/18,7,87324.2225008769,81,0
7/31/18,7,86934.571027634,82,0
8/1/18,8,98070.758967872,82,0
8/2/18,8,92447.491193267,79.5,0
8/3/18,8,100797.013025,79.5,0
8/4/18,8,81127.753411583,77,0
8/5/18,8,81227.976458331,80,0
8/6/18,8,98007.177656966,82,0
8/7/18,8,92863.081427488,81.5,0
8/8/18,8,89945.866077378,81.5,0
8/9/18,8,80436.292550873,84.5,0
8/10/18,8,80808.29792032,83,0
8/11/18,8,81672.248777548,82.5,0
8/12/18,8,82443.812962763,78.5,0
8/13/18,8,91171.504062469,78,0
8/14/18,8,90808.122486194,77.5,0
8/15/18,8,85772.118638114,75.5,0
8/16/18,8,84461.30461477,76.5,0
8/17/18,8,93380.433702566,79.5,0
8/18/18,8,94405.818071816,77.5,0
8/19/18,8,92671.652872794,78,0
8/20/18,8,89453.7061648769,76,0
8/21/18,8,91097.3491545199,77,0
8/22/18,8,91700.668761965,77.5,0
8/23/18,8,95528.914693721,77,0
8/24/18,8,90278.900666206,75,0
8/25/18,8,88457.20014136,74.5,0
8/26/18,8,94133.378070391,74.5,0
8/27/18,8,91467.8026156479,73.5,0
8/28/18,8,90987.979304489,74,0
8/29/18,8,94941.800186644,77.5,0
8/30/18,8,89015.6877758789,76,0
8/31/18,8,87677.435730984,75.5,0
9/1/18,9,86637.3053530999,72,0
9/2/18,9,96183.2523309269,72.5,0
9/3/18,9,87056.013405932,74,0
9/4/18,9,83936.016547977,73.5,0
9/5/18,9,83668.9899379949,74,0
9/6/18,9,89360.34107783,72,0
9/7/18,9,87709.594064976,75,0
9/8/18,9,90727.157202462,76,0
9/9/18,9,91287.372716222,73,0
9/10/18,9,91335.054133493,73,0
9/11/18,9,91991.926386407,72,0
9/12/18,9,91622.273578411,73.5,0
9/13/18,9,90453.608392795,76,0
9/14/18,9,90679.819029049,78.5,0
9/15/18,9,89405.931190334,75.5,0
9/16/18,9,88155.083807751,76,0
9/17/18,9,88873.6533799559,75,0
9/18/18,9,88672.33513846,73,0
9/19/18,9,82003.2766099029,71.5,0
9/20/18,9,84481.749015396,69,0
9/21/18,9,83766.369475248,72,0
9/22/18,9,78670.0608006679,73.5,0
9/23/18,9,77542.4576095969,72.5,0
9/24/18,9,82759.575091975,68.5,0
9/25/18,9,84184.796296451,68,0
9/26/18,9,80895.406485837,71,0
9/27/18,9,70210.6740950389,73,0
9/28/18,9,78542.978388935,68.5,0
9/29/18,9,81427.081578626,70.5,0
9/30/18,9,65020.662626726,73,0
10/1/18,10,55031.462649056,79.5,0
10/2/18,10,52950.9126886339,74.5,0
10/3/18,10,44732.629779508,71.5,0
10/4/18,10,65449.644721652,71,0
10/5/18,10,77760.227468356,69.5,0
10/6/18,10,61104.600577952,68,0
10/7/18,10,67011.258151222,69,0
10/8/18,10,78756.7679489,68,0
10/9/18,10,79347.8687044,69,0
10/10/18,10,73498.049482173,68,0
10/11/18,10,67581.0269612379,69,0
10/12/18,10,61916.156605292,69,0.34
10/13/18,10,59790.851150383,65.5,0.21
10/14/18,10,67520.8487871949,67.5,0
10/15/18,10,69288.367230485,70,0
10/16/18,10,65911.165129398,67.5,0
10/17/18,10,69559.805498543,69.5,0
10/18/18,10,74510.160207338,72,0
10/19/18,10,75297.6596901649,74.5,0
10/20/18,10,70307.089555977,76,0
10/21/18,10,67999.9478974019,69,0
10/22/18,10,66729.1557114149,68.5,0
10/23/18,10,67905.8943422439,69.5,0
10/24/18,10,71327.625957736,68,0
10/25/18,10,68357.41417605,70.5,0
10/26/18,10,67201.007252656,73.5,0
10/27/18,10,62033.707997326,70.5,0
10/28/18,10,55682.8800604419,68.5,0
10/29/18,10,54851.2760945369,66,0
10/30/18,10,61211.537803105,68,0
10/31/18,10,61055.969728597,69.5,0
11/1/18,11,44665.349711295,70,0
11/2/18,11,54578.0109340719,74,0
11/3/18,11,66625.3369025429,71,0
11/4/18,11,63825.723944396,68.5,0
11/5/18,11,63642.882083316,67,0
11/6/18,11,62621.899425234,67.5,0
11/7/18,11,62864.588285659,67,0
11/8/18,11,52630.101548111,68.5,0
11/9/18,11,61799.882994416,68.5,0
11/10/18,11,56505.534199194,65,0
11/11/18,11,57515.6711012179,64,0
11/12/18,11,60878.0162023179,65.5,0
11/13/18,11,48688.2591892679,65,0
11/14/18,11,52336.255972579,70,0
11/15/18,11,53794.274838301,67,0
11/16/18,11,46618.874758195,64.5,0
11/17/18,11,48402.66222689,62.5,0
11/18/18,11,48009.660302849,64.5,0
11/19/18,11,33572.302635169,62.5,0
11/20/18,11,51953.600877658,62.5,0
11/21/18,11,42373.637561848,61.5,0
11/22/18,11,44215.85414669,63,0.41
11/23/18,11,41111.054047166,62,0
11/24/18,11,48260.057092694,63,0
11/25/18,11,49938.075405463,67,0
11/26/18,11,44641.7172326339,68,0
11/27/18,11,52057.009665642,63.5,0
11/28/18,11,54568.054873764,61.5,0.06
11/29/18,11,38675.682729112,61.5,0.84
11/30/18,11,47445.849290473,61.5,0
12/1/18,12,23804.120545504,58,0
12/2/18,12,43900.929402752,58,0
12/3/18,12,50841.5970112069,59.5,0
12/4/18,12,33846.915146128,60.5,0
12/5/18,12,24831.006454438,55.5,0.07
12/6/18,12,10026.4148129459,56,1.64
12/7/18,12,30442.783954661,61.5,0
12/8/18,12,44659.464204085,60.5,0
12/9/18,12,37219.691617057,62.5,0
12/10/18,12,19604.122288712,60.5,0
12/11/18,12,41357.0617310749,59.5,0
12/12/18,12,43513.081514199,57.5,0
12/13/18,12,51171.803794012,63.5,0
12/14/18,12,15411.167825399,60,0
12/15/18,12,47114.0009008579,60,0
12/16/18,12,45369.453569186,57.5,0
12/17/18,12,28759.6477227449,59.5,0
12/18/18,12,45815.5331186959,61,0
12/19/18,12,48643.593402533,62,0
12/20/18,12,42686.213278403,61.5,0
12/21/18,12,28619.2553243379,61,0
12/22/18,12,42466.78271545,61,0
12/23/18,12,25608.959818506,59,0
12/24/18,12,45595.104967853,61,0.04
12/25/18,12,39239.657525667,61,0
12/27/18,12,50716.452967369,56,0
12/28/18,12,45035.991203597,51.5,0
12/29/18,12,52975.059800259,52.5,0
12/30/18,12,54993.1749531139,52,0
12/31/18,12,52053.573064082,55.5,0
1/1/19,1,55138.186691523,54,0
1/2/19,1,55585.8909285459,50.5,0
1/3/19,1,55169.5172318689,55,0
1/4/19,1,55413.736506472,52,0
1/5/19,1,10788.2580061929,54,0.78
1/6/19,1,36398.128973503,55,0.04
1/7/19,1,31684.386069924,57,0.12
1/8/19,1,51385.351941116,60.5,0
1/9/19,1,40967.6790779009,57.5,0
1/10/19,1,36954.23298746,56,0
1/11/19,1,39421.345449112,58.5,0
1/12/19,1,48258.127381191,56.5,0.69
1/13/19,1,35202.999111833,53.5,0
1/14/19,1,26054.688531011,55.5,1.05
1/15/19,1,43885.709437678,56,0.93
1/16/19,1,11277.789284519,58.5,0.98
1/17/19,1,11635.8260698179,60,0.59
1/18/19,1,27708.40801393,59,0
1/19/19,1,15455.449369749,64,0.25
1/20/19,1,45504.9536329799,63.5,0
1/21/19,1,54791.1135477389,58,0
1/22/19,1,34872.7074344439,56,0
1/23/19,1,50732.0889973449,55.5,0
1/24/19,1,57067.7627479389,62,0
1/25/19,1,60223.553118429,62.5,0
1/26/19,1,60884.0664041,64,0
1/27/19,1,60287.3178765439,62.5,0
1/28/19,1,57930.190830179,61,0
1/29/19,1,56893.4359399719,61,0
1/30/19,1,41233.1990573279,60.5,0
1/31/19,1,22506.7714463699,56,1.24
2/1/19,2,46766.6437659479,55,0
2/2/19,2,39352.3963376909,56,1.39
2/3/19,2,33945.793019722,55,0.27
2/4/19,2,46804.217308003,56.5,0.37
2/5/19,2,34269.252263603,52,0.11
2/6/19,2,41104.0714537439,49,0
2/7/19,2,42373.01479275,51,0
2/8/19,2,59649.01871723,51,0
2/9/19,2,69087.530293874,53,0.15
2/10/19,2,66551.8237783979,52.5,0.1
2/11/19,2,46658.79173364,48.5,0
2/12/19,2,48917.76765582,53.5,0
2/13/19,2,72215.760103254,55.5,0.19
2/14/19,2,46638.097157122,58,0.16
2/15/19,2,17592.426209156,55,2.25
2/16/19,2,18862.3150841059,55,0
2/17/19,2,35446.5908754599,50.5,0.01
2/18/19,2,55836.489902244,49,0
2/19/19,2,52566.903374158,47.5,0
2/20/19,2,67173.573570432,49.5,0.06
2/21/19,2,77380.560571474,50,0
2/22/19,2,44951.6843345459,48.5,0
2/23/19,2,36718.6758220419,52,0
2/24/19,2,73552.4635778279,56.5,0
2/25/19,2,71645.042164374,55.5,0
2/26/19,2,69116.26787037,55,0
2/27/19,2,42690.884245719,58,0
2/28/19,2,47910.046467791,61,0
3/1/19,3,59595.835534315,61.5,0
3/2/19,3,70140.6970371219,59.5,0.85
3/3/19,3,46210.554786366,60,0.05
3/4/19,3,50049.859239772,57.5,0
3/5/19,3,59781.747813316,57,0.1
3/6/19,3,64869.770462399,58.5,0.86
3/7/19,3,41746.599733715,57.5,0.01
3/8/19,3,40112.9311057389,55,0.01
3/9/19,3,62375.829449453,55,0
3/10/19,3,72092.829338116,54.5,0
3/11/19,3,67435.680438704,58,0.02
3/12/19,3,51314.5024312519,61.5,0
3/13/19,3,50540.2071536769,57.5,0
3/14/19,3,63135.957334221,60,0
3/15/19,3,81068.893541543,62.5,0
3/16/19,3,88477.337219286,65.5,0
3/17/19,3,86813.439981512,69.5,0
3/18/19,3,88869.8418626699,63.5,0
3/19/19,3,90516.4670750709,58.5,0
3/20/19,3,89338.377491957,61,0
3/21/19,3,57911.157698442,56.5,0.08
3/22/19,3,39512.5624391129,57,0
3/23/19,3,67803.0752863619,60.5,0
3/24/19,3,78803.376361274,62,0
3/25/19,3,67777.932661289,64,0
3/26/19,3,81318.346929176,61.5,0
3/27/19,3,92022.9596228979,64,0
3/28/19,3,73630.312078352,62.5,0
3/29/19,3,57638.505726945,62,0
3/30/19,3,82342.875457589,67,0
3/31/19,3,89311.561803494,69,0
4/1/19,4,84027.35694148,70.5,0
4/2/19,4,89296.899860034,64,0
4/3/19,4,74151.326644457,62,0
4/4/19,4,80852.863795228,62.5,0
4/5/19,4,78544.407999951,62.5,0
4/6/19,4,65511.053010096,64.5,0
4/7/19,4,76684.3822699039,68.5,0
4/8/19,4,85482.7472443899,74,0
4/9/19,4,73293.683992625,67.5,0
4/10/19,4,74475.306010405,67.5,0
4/11/19,4,78435.623847987,62,0
4/12/19,4,93834.6062464129,64.5,0
4/13/19,4,70485.8108240479,67.5,0
4/14/19,4,91075.9453835679,65.5,0
4/15/19,4,98903.8262440939,59,0
4/16/19,4,75256.425377281,63,0
4/17/19,4,79191.559347673,64.5,0
4/18/19,4,64145.45458229,69,0
4/19/19,4,102011.303304587,66,0
4/20/19,4,102082.052711361,62.5,0
4/21/19,4,86368.009428889,62.5,0
4/22/19,4,82312.0434861699,63,0
4/23/19,4,73668.295807045,65,0
4/24/19,4,91254.0696761009,64,0
4/25/19,4,101548.91922814,66.5,0
4/26/19,4,105552.20578728,65,0
4/27/19,4,101942.236033665,64,0
4/28/19,4,101107.84681629,64,0
4/29/19,4,84902.221869472,62.5,0.02
4/30/19,4,84685.507829388,63,0
5/1/19,5,100823.17605974,62.5,0
5/2/19,5,94455.10732565,64.5,0
5/3/19,5,102524.561128474,64,0
5/4/19,5,105234.904600171,65,0
5/5/19,5,89783.152708574,65,0
5/6/19,5,68804.244728047,64.5,0
5/7/19,5,94520.2347865599,63.5,0
5/8/19,5,91895.3259920409,64.5,0
5/9/19,5,96697.1471297739,65,0
5/10/19,5,95398.982091744,64,0.01
5/11/19,5,89890.018802495,67.5,0
5/12/19,5,56057.33843539,65.5,0
5/13/19,5,93959.102334247,66,0
5/14/19,5,91625.508868603,67,0
5/15/19,5,104275.599768173,65.5,0
5/16/19,5,101763.913221606,63.5,0.25
5/17/19,5,65308.92346713,63.5,0
5/18/19,5,65854.900616473,62.5,0.01
5/19/19,5,78525.267087768,60.5,0.18
5/20/19,5,77686.191954238,64,0
5/21/19,5,58282.966230658,63.5,0
5/22/19,5,82477.060933027,63.5,0
5/23/19,5,78457.7731617169,62.5,0
5/24/19,5,67813.516097266,64.5,0
5/25/19,5,60910.2876673339,62.5,0
5/26/19,5,96050.354035607,59.5,0.05
5/27/19,5,93177.701471326,60,0
5/28/19,5,58155.4508073349,62,0
5/29/19,5,101827.90098034,66.5,0
5/30/19,5,91916.929235429,66,0
5/31/19,5,62194.8210200439,64,0
6/1/19,6,94725.641309401,63.5,0
6/2/19,6,98591.973677493,63.5,0
6/3/19,6,101382.071375977,65.5,0
6/4/19,6,99215.4615608449,65,0
6/5/19,6,105669.996539478,65,0
6/6/19,6,105111.99681678,66.5,0
6/7/19,6,101880.422240359,66,0
6/8/19,6,106745.943960446,68,0
6/9/19,6,108909.933564434,73,0
6/10/19,6,109103.508519986,78.5,0
6/11/19,6,104717.047002407,76,0
6/12/19,6,100259.376002502,73,0
6/13/19,6,92785.69892958,67,0
6/14/19,6,108589.340986068,66,0
6/15/19,6,104675.884393924,68.5,0
6/16/19,6,109243.153120432,68,0
6/17/19,6,107837.071125801,67,0
6/18/19,6,99831.6952270039,66.5,0
6/19/19,6,104109.862241434,72,0
6/20/19,6,107868.056315401,68,0
6/21/19,6,109684.762651589,66.5,0.03
6/22/19,6,109471.30490797,69.5,0
6/23/19,6,109764.517702149,70,0
6/24/19,6,112556.910569377,68,0
6/25/19,6,112639.826452114,67,0
6/26/19,6,111112.789932443,69,0
6/27/19,6,100884.409682735,71.5,0
6/28/19,6,111357.586141417,72,0
6/29/19,6,113797.192961913,74,0
6/30/19,6,107567.637661813,75.5,0
7/1/19,7,86233.002424096,73.5,0
7/2/19,7,105098.851677524,72,0
7/3/19,7,117217.596282768,70.5,0
7/4/19,7,116521.411108489,72,0
7/5/19,7,112218.432781593,72,0
7/6/19,7,93812.8732599879,69.5,0
7/7/19,7,113179.01460616,69,0
7/8/19,7,113516.23075167,69.5,0
7/9/19,7,95782.070803641,73.5,0
7/10/19,7,115136.670789602,73.5,0
7/11/19,7,112446.305145019,73.5,0
7/12/19,7,113914.253291299,75,0
7/13/19,7,107203.383352223,69.5,0
7/14/19,7,104249.248558406,75,0
7/15/19,7,104376.058744587,75,0
7/16/19,7,109558.525003988,70.5,0
7/17/19,7,114378.057581473,71,0
7/18/19,7,112504.625217083,73.5,0
7/19/19,7,111620.188916186,72.5,0
7/20/19,7,113985.666426901,75,0
7/21/19,7,110706.764694238,75,0
7/22/19,7,112814.345880385,75,0
7/23/19,7,108045.888622112,83,0
7/24/19,7,84476.14186414,86,0
7/25/19,7,73192.040120903,85,0.01
7/26/19,7,87250.052856192,82.5,0
7/27/19,7,62606.614196026,81.5,0
7/28/19,7,103424.665949788,73,0
7/29/19,7,106375.113922825,75,0
7/30/19,7,98901.1987786979,73,0
7/31/19,7,108151.285337838,76.5,0
8/1/19,8,104160.278090302,76.5,0
8/2/19,8,100915.920972781,78.5,0
8/3/19,8,102203.396304581,77.5,0
8/4/19,8,104715.471403096,77,0
8/5/19,8,94838.287000784,77,0
8/6/19,8,97747.7744759699,78.5,0
8/7/19,8,100008.106434252,74.5,0
8/8/19,8,72414.1189257979,76,0
8/9/19,8,78951.364614308,73.5,0
8/10/19,8,103612.89799122,73,0
8/11/19,8,106032.739845558,72,0
8/12/19,8,106204.114635391,72,0
8/13/19,8,107872.329781401,76,0
8/14/19,8,107397.322638556,76.5,0
8/15/19,8,97765.463135817,76.5,0
8/16/19,8,105183.546234235,71,0
8/17/19,8,104450.733644095,71.5,0
8/18/19,8,105235.80012965,74.5,0
8/19/19,8,105911.580034361,75,0
8/20/19,8,104048.789482459,76,0
8/21/19,8,105203.590305786,78.5,0
8/22/19,8,105890.881302279,72,0
8/23/19,8,105086.36298426,73,0
8/24/19,8,100406.344382444,79.5,0
8/25/19,8,101544.962125943,81,0
8/26/19,8,99846.945472358,79.5,0
8/27/19,8,90070.70412035,76.5,0
8/28/19,8,92826.61696658,75,0
8/29/19,8,92370.796889733,80,0
8/30/19,8,97197.351181085,81.5,0
8/31/19,8,98729.5179126839,81,0
9/1/19,9,100340.159844378,73.5,0
9/2/19,9,101599.41692642,80.5,0
9/3/19,9,99671.97125646,84.5,0
9/4/19,9,79306.205048359,86,0
9/5/19,9,89767.27702063,83.5,0
9/6/19,9,85696.84684485,82.5,0
9/7/19,9,75199.198766311,80,0
9/8/19,9,91323.5313628299,71.5,0
9/9/19,9,95885.518652385,72.5,0
9/10/19,9,98122.950878708,73,0
9/11/19,9,95939.261001076,74,0
9/12/19,9,97945.4063363749,78,0
9/13/19,9,95936.454336868,81.5,0
9/14/19,9,97395.5094455849,82.5,0
9/15/19,9,94688.312832818,76.5,0
9/16/19,9,92987.8327091659,76.5,0
9/17/19,9,77507.3112760849,74.5,0
9/18/19,9,69794.0900394269,72,0
9/19/19,9,92999.2256572239,73,0
9/20/19,9,94165.1355105379,73.5,0
9/21/19,9,92638.9609576299,77,0
9/22/19,9,94953.04596203,78,0
9/23/19,9,94848.993135507,72.5,0
9/24/19,9,78363.4181846949,76.5,0
9/25/19,9,84362.864531331,74,0
9/26/19,9,86095.745032632,74,0
9/27/19,9,71263.4296403179,73,0
9/28/19,9,65772.706036989,69.5,0
9/29/19,9,83736.5834725849,67,0
9/30/19,9,84856.8690658009,66.5,0
10/1/19,10,80016.1983979319,66,0
10/2/19,10,108406.52712759,71,0
10/3/19,10,85509.6620805979,68,0
10/4/19,10,48965.1223898229,67.5,0
10/5/19,10,77454.976116759,70.5,0
10/6/19,10,197497.858524722,73.5,0
10/7/19,10,197376.67356842,74,0
10/8/19,10,78834.4114707629,68.5,0
10/9/19,10,165750.925542085,68,0
10/10/19,10,99723.925587361,73.5,0
10/11/19,10,78111.716649726,74,0
10/12/19,10,81660.955167699,72,0
10/13/19,10,77560.9797773509,65.5,0
10/14/19,10,80575.0038564839,68,0
10/15/19,10,79442.853202195,72,0
10/16/19,10,76153.7979859029,75.5,0
10/17/19,10,77171.5101575909,71.5,0
10/18/19,10,60627.32945557,70,0
10/19/19,10,73044.577395649,68,0
10/20/19,10,78197.4541029229,74.5,0
10/21/19,10,71778.538414234,79,0
10/22/19,10,75654.627202226,80,0
10/23/19,10,72637.806609493,74,0
10/24/19,10,72747.421859666,79.5,0
10/25/19,10,72458.4655368739,82,0
10/26/19,10,71083.095859966,73,0
10/27/19,10,73016.400175383,66,0
10/28/19,10,73209.279653836,67.5,0
10/29/19,10,62999.570094288,62,0
10/30/19,10,69241.5548874729,65,0
10/31/19,10,65428.288674911,66.5,0
11/1/19,11,60114.543197085,67,0
11/2/19,11,69175.966884204,67.5,0
11/3/19,11,68528.7670803879,63.5,0
11/4/19,11,66538.382495134,67,0
11/5/19,11,70976.4327658759,64.5,0
11/6/19,11,64818.91974097,61,0
11/7/19,11,66052.522559928,65.5,0
11/8/19,11,64604.817085014,69.5,0
11/9/19,11,64882.979113728,72,0
11/10/19,11,64972.370260029,64,0
11/11/19,11,60443.16795348,63,0
11/12/19,11,59632.927529878,65.5,0
11/13/19,11,60194.959257277,63.5,0
11/14/19,11,57732.743091174,62.5,0
11/15/19,11,41010.996297471,62,0
11/16/19,11,42767.033821704,65,0
11/17/19,11,45231.622186613,73,0
11/18/19,11,56712.957331901,74,0
11/19/19,11,60291.256657989,66.5,0
11/20/19,11,54230.190782547,57,0.38
11/21/19,11,37786.946691428,58,0
11/22/19,11,27327.626844303,60,0
11/23/19,11,43813.4125249819,65,0
11/24/19,11,49151.52265218,64,0
11/25/19,11,50131.091401083,56,0
11/26/19,11,54154.03020675,58,0
11/27/19,11,26639.387686509,54,0.18
11/28/19,11,47029.863584226,48,2.18
11/29/19,11,44779.292152579,49.5,0.1
11/30/19,11,25206.435585786,51,0.02
12/1/19,12,19661.386776485,56,0
12/2/19,12,44589.680289222,57.5,0
12/3/19,12,25762.363893616,57.5,0
12/4/19,12,34434.4771799689,58,0.82
12/5/19,12,15304.8992054689,58,0
12/6/19,12,12144.1092313409,57.5,0.09
12/7/19,12,33074.4476992579,63,0
12/8/19,12,33540.1853646269,60.5,0.03
12/9/19,12,15111.455297157,58.5,0
12/10/19,12,20360.7824899109,57,0
12/11/19,12,42780.626985133,56,0
12/12/19,12,32514.5264458629,59.5,0
12/13/19,12,36272.638676975,58,0
12/14/19,12,38646.409466817,58,0
12/15/19,12,44369.546698763,56,0
12/16/19,12,41679.760986099,56.5,0
12/17/19,12,51667.153494428,55.5,0
12/18/19,12,54455.905187692,51.5,0
12/19/19,12,39443.347479806,53.5,0
12/20/19,12,28434.584220757,60.5,0
12/21/19,12,52389.258233335,59,0
12/22/19,12,44913.35420627,56,0.24
12/23/19,12,30022.12499695,52,1.28
12/24/19,12,24120.311520899,52,0
12/25/19,12,38278.903287033,51,1.03
12/26/19,12,37863.800133253,50,1.14
12/27/19,12,34195.7171633139,50,0
12/28/19,12,11888.086512745,51,0
12/29/19,12,45181.7909242189,51.5,0
12/30/19,12,51939.180948903,56.5,0
12/31/19,12,35392.651824762,59.5,0
1/1/20,1,42904.761999826,55,0
1/2/20,1,47149.839436106,56.5,0
1/3/20,1,48843.1465364059,57.5,0
1/4/20,1,49857.83436479,55.5,0
1/5/20,1,46581.8784675609,56,0
1/6/20,1,50709.8469904349,60,0
1/7/20,1,41399.9280813339,63,0
1/8/20,1,42053.35347504,54.5,0
1/9/20,1,41147.793203339,54.5,0
1/10/20,1,55613.483443959,52,0
1/11/20,1,44487.240742427,51.5,0
1/12/20,1,48705.6000492189,52.5,0
1/13/20,1,53941.897442147,54.5,0
1/14/20,1,50356.3407818419,53,0
1/15/20,1,51258.6383589889,53.5,0
1/16/20,1,44861.2449005939,52,0.06
1/17/20,1,46460.14169289,53,0.15
1/18/20,1,44178.525098396,58.5,0
1/19/20,1,34503.313454306,59.5,0
1/20/20,1,17449.914792213,57,0
1/21/20,1,40450.140238086,54.5,0.1
1/22/20,1,52282.351871144,53.5,0
1/23/20,1,49620.560831218,60.5,0
1/24/20,1,48195.326236091,56.5,0
1/25/20,1,52459.34343783,57,0
1/26/20,1,42469.813668512,55,0
1/27/20,1,60663.392479534,58,0
1/28/20,1,56363.279889336,61.5,0
1/29/20,1,58454.482975592,58,0
1/30/20,1,50288.722937635,58,0
1/31/20,1,51553.360494127,62.5,0
2/1/20,2,51354.80065164,65.5,0
2/2/20,2,54438.286256618,56.5,0
2/3/20,2,63760.083031926,55,0
2/4/20,2,64537.240139092,52.5,0
2/5/20,2,59529.9848701539,49,0
2/6/20,2,67004.145032028,52.5,0
2/7/20,2,67920.209774566,54,0
2/8/20,2,61191.333512358,56.5,0
2/9/20,2,52674.2643027359,55,0.3
2/10/20,2,53386.306848194,60.5,0.02
2/11/20,2,70505.690737988,60.5,0
2/12/20,2,71750.1380023879,53.5,0
2/13/20,2,69847.666477404,56.5,0
2/14/20,2,68537.1854019519,56,0
2/15/20,2,67231.0005766539,56,0
2/16/20,2,62770.69552415,56.5,0
2/17/20,2,72742.806809704,57,0
2/18/20,2,67783.631177922,60,0
2/19/20,2,73994.055067692,59.5,0
2/20/20,2,76200.303236784,63,0
2/21/20,2,54820.114453006,61,0
2/22/20,2,46914.059127792,59,0.01
2/23/20,2,64152.3379971739,59.5,0
2/24/20,2,53368.285667465,59,0
2/25/20,2,79343.9722970019,65,0
2/26/20,2,78926.2383724179,66,0
2/27/20,2,82801.319442326,67.5,0
2/28/20,2,65745.53898846,71.5,0
2/29/20,2,56870.0673387479,60.5,0
3/1/20,3,54839.776237552,56,0.04
3/2/20,3,67203.4219764399,59,0
3/3/20,3,85775.3423427439,61.5,0
3/4/20,3,86173.481009071,59,0
3/5/20,3,77391.4901743759,65.5,0
3/6/20,3,80212.072305934,60,0
3/7/20,3,58684.027239966,59.5,0
3/8/20,3,67926.3180825979,58,0
3/9/20,3,58272.114854037,61,0.09
3/10/20,3,25026.3808419849,60.5,0.08
3/11/20,3,51272.113006465,64,0
3/12/20,3,34372.315397554,56.5,1.23
3/13/20,3,59598.075301191,56.5,0.5
3/14/20,3,56998.250198096,58,0.01
3/15/20,3,60539.4761736469,59.5,0.03
3/16/20,3,41066.28933786,57.5,0.27
3/17/20,3,65895.594958472,53.5,0
3/18/20,3,64226.697528542,53.5,0
3/19/20,3,61456.578278009,56.5,0.03
3/20/20,3,61667.319297061,56.5,0
3/21/20,3,66057.376870111,58.5,0
3/22/20,3,68253.217833323,58.5,0.71
3/23/20,3,70767.395169438,58,0.02
3/24/20,3,70255.234186924,56.5,0
3/25/20,3,63408.082706017,58,0
3/26/20,3,71928.187649859,53.5,0
3/27/20,3,81389.5214775739,55,0
3/28/20,3,73352.8719876669,56,0
3/29/20,3,63067.386282285,57.5,0
3/30/20,3,73648.396007704,60.5,0
3/31/20,3,81552.979336609,64,0
4/1/20,4,82857.497325197,0.3,0
4/2/20,4,82025.597648595,62.5,0
4/3/20,4,53551.6295945849,60.5,0
4/4/20,4,87514.519087307,59.5,0
4/5/20,4,78782.2761452,59.5,0.14
4/6/20,4,57355.815371176,58,0.74
4/7/20,4,61416.03954218,56.5,0.82
4/8/20,4,37681.833066238,55.5,0.08
4/9/20,4,43064.116067477,53,0.89
4/10/20,4,50226.489303356,56.5,0.36
4/11/20,4,73462.4722448309,57.5,0
4/12/20,4,79673.4764462369,59.5,0
4/13/20,4,93703.3026420799,59,0
4/14/20,4,94663.262898193,62.5,0
4/15/20,4,97356.0555999179,66.5,0
4/16/20,4,85033.373667332,61,0
4/17/20,4,72313.661464842,60.5,0
4/18/20,4,78997.744749361,61.5,0
4/19/20,4,76588.622859665,61,0
4/20/20,4,71521.932035638,62,0
4/21/20,4,85773.1586165919,61.5,0
4/22/20,4,97956.6658998039,67.5,0
4/23/20,4,104724.569978015,72,0
4/24/20,4,107735.093775926,77,0
4/25/20,4,106191.406943778,69.5,0
4/26/20,4,94014.624664359,70,0
4/27/20,4,104199.74907051,64.5,0
4/28/20,4,88210.741916223,66.5,0
4/29/20,4,83183.7078654839,65.5,0
4/30/20,4,99345.316163685,66.5,0
5/1/20,5,106950.217277457,67.5,0
5/2/20,5,89415.02002446,69,0
5/3/20,5,84232.763774988,67.5,0
5/4/20,5,109712.761838596,69,0
5/5/20,5,107234.640317936,75,0
5/6/20,5,98921.8476565139,76.5,0
5/7/20,5,103296.033010192,72.5,0
5/8/20,5,105540.868551725,68,0
5/9/20,5,102289.73266379,67,0
5/10/20,5,98874.564213037,67.5,0
5/11/20,5,108458.901552353,66.5,0
5/12/20,5,93775.152387074,63.5,0
5/13/20,5,96782.5678689399,64.5,0
5/14/20,5,98728.959114295,66.5,0
5/15/20,5,104894.661558445,69.5,0
5/16/20,5,102793.405728476,69,0
5/17/20,5,97940.7572095799,67.5,0
5/18/20,5,90123.515200513,67,0.04
5/19/20,5,89472.1298793899,64,0
5/20/20,5,89703.826087329,65.5,0
5/21/20,5,102630.778302529,70.5,0
5/22/20,5,94893.099030739,66.5,0
5/23/20,5,93089.471788046,67.5,0
5/24/20,5,99854.2454384,68.5,0
5/25/20,5,105546.512138712,70.5,0
5/26/20,5,110839.209251952,71,0
5/27/20,5,110253.447284306,69,0
5/28/20,5,114851.952840202,67.5,0
5/29/20,5,84635.805426044,66,0
5/30/20,5,89551.0264486629,71,0
5/31/20,5,84432.384872441,69.5,0
6/1/20,6,88554.8841533719,71.5,0
6/2/20,6,75037.090760085,69.5,0
6/3/20,6,104606.324698104,75.5,0
6/4/20,6,114639.144478238,65.5,0
6/5/20,6,85599.913070479,67,0
6/6/20,6,77598.767434288,67.5,0
6/7/20,6,67688.723862809,68,0
6/8/20,6,101707.779420093,74.5,0
6/9/20,6,114680.129821399,80.5,0
6/10/20,6,120294.540982976,80,0
6/11/20,6,115023.67259087,72,0
6/12/20,6,112901.995888673,69,0
6/13/20,6,92912.248354297,69,0
6/14/20,6,95189.4085965729,69.5,0
6/15/20,6,112698.781761174,67.5,0
6/16/20,6,115794.281393892,67,0
6/17/20,6,119012.357898827,66.5,0
6/18/20,6,120469.907152129,65.5,0
6/19/20,6,117753.916199367,69,0
6/20/20,6,116356.972427406,68.5,0
6/21/20,6,112562.73615212,70,0
6/22/20,6,116868.267309725,71,0
6/23/20,6,113553.915557168,70,0
6/24/20,6,102664.97860633,70.5,0
6/25/20,6,102040.522423355,67.5,0
6/26/20,6,104899.201795215,71.5,0
6/27/20,6,114518.099080102,69,0
6/28/20,6,106530.850566107,68,0
6/29/20,6,119266.925010001,68,0
6/30/20,6,118380.790721986,69,0
7/1/20,7,117228.135710185,68.5,0
7/2/20,7,118126.755281673,71,0
7/3/20,7,117806.459229797,72,0
7/4/20,7,119867.958025756,75,0
7/5/20,7,118981.00019613,76,0
7/6/20,7,118410.582397722,74.5,0
7/7/20,7,117634.662289064,73.5,0
7/8/20,7,118017.402277623,70.5,0
7/9/20,7,117830.543023165,75,0
7/10/20,7,112335.15253043,77,0
7/11/20,7,106797.051018145,79.5,0
7/12/20,7,110077.127151569,80,0
7/13/20,7,113760.68119102,73,0
7/14/20,7,115717.765763361,72.5,0
7/15/20,7,115501.522595332,72,0
7/16/20,7,115613.671344495,71.5,0
7/17/20,7,116319.857348698,73,0
7/18/20,7,115485.560477648,72.5,0
7/19/20,7,110147.892645299,71.5,0
7/20/20,7,108923.986665109,71,0
7/21/20,7,104671.120999732,70.5,0
7/22/20,7,115204.109769242,68.5,0
7/23/20,7,114459.21860276,68,0
7/24/20,7,114354.415706307,69,0
7/25/20,7,114004.82581063,71.5,0
7/26/20,7,110575.363616377,71,0
7/27/20,7,112226.6203495,70.5,0
7/28/20,7,111175.074515852,70.5,0
7/29/20,7,110873.994409861,71,0
7/30/20,7,112581.450781256,72.5,0
7/31/20,7,112572.668961457,77,0
8/1/20,8,112895.304921002,70.5,0
8/2/20,8,112697.543427737,68.5,0
8/3/20,8,110719.492992298,70.5,0
8/4/20,8,110266.683684699,70,0
8/5/20,8,114299.795860067,70.5,0
8/6/20,8,114123.138817062,70,0
8/7/20,8,112821.860192574,71.5,0
8/8/20,8,111689.852863143,72.5,0
8/9/20,8,110861.636819317,71.5,0
8/10/20,8,101279.271189477,72,0
8/11/20,8,108354.309029295,69.5,0
8/12/20,8,107359.061347492,73.5,0
8/13/20,8,66982.575402299,81,0
8/14/20,8,94978.228915447,82.5,0
8/15/20,8,79441.246874253,80.5,0
8/16/20,8,92614.896341913,78,0
8/17/20,8,88154.192494182,79.5,0
8/18/20,8,95430.794678472,85,0
8/19/20,8,76484.1338913159,83.5,0
8/20/20,8,79497.797366292,83,0
8/21/20,8,69138.175068211,79,0
8/22/20,8,70852.361024703,81.5,0
8/23/20,8,78516.360353549,82,0
8/24/20,8,89552.435502856,77.5,0
8/25/20,8,95748.545247276,78.5,0
8/26/20,8,94190.107779625,78,0
8/27/20,8,94511.764217845,79.5,0
8/28/20,8,95394.789935084,74.5,0
8/29/20,8,96712.902939899,73,0
8/30/20,8,97077.2461971869,72.5,0
8/31/20,8,94045.3462501049,72.5,0
9/1/20,9,97553.31523974,72,0
9/2/20,9,97662.3967032349,72,0
9/3/20,9,95792.058835547,73,0
9/4/20,9,87418.773003299,77,0
9/5/20,9,89157.081645705,85.5,0
9/6/20,9,98879.0066157219,88.5,0
9/7/20,9,65600.5021741949,74,0
9/8/20,9,62387.6357463429,73,0
9/9/20,9,78066.1814149349,76.5,0
9/10/20,9,56760.96530675,71.5,0
9/11/20,9,52396.9272225799,73.5,0
9/12/20,9,75924.700818051,72.5,0
9/13/20,9,79552.481967805,72.5,0
9/14/20,9,76747.3116481929,73,0
9/15/20,9,73134.632800451,75.5,0
9/16/20,9,78695.626667255,78,0
9/17/20,9,68623.871936924,78.5,0
9/18/20,9,73786.7492843279,78.5,0
9/19/20,9,92016.009477902,75.5,0
9/20/20,9,88078.296735824,69.5,0
9/21/20,9,83213.819412092,72.5,0
9/22/20,9,87385.693895584,74.5,0
9/23/20,9,85771.7278063939,75,0
9/24/20,9,86671.3911562829,71.5,0
9/25/20,9,90239.5851353319,71,0
9/26/20,9,84879.486607071,70.5,0
9/27/20,9,85359.1278521099,71,0
9/28/20,9,80823.693576493,77,0
9/29/20,9,81269.218446446,78,0
9/30/20,9,80064.502242683,85.5,0
10/1/20,10,77174.831194519,80.5,0
10/2/20,10,85754.1610696519,79,0
10/3/20,10,86638.136310111,75.5,0
10/4/20,10,81291.044417834,78,0
10/5/20,10,69951.284149448,78.5,0
10/6/20,10,61039.119361195,75.5,0
10/7/20,10,76154.0539323209,69,0
10/8/20,10,60700.34669008,71,0
10/9/20,10,68892.530635084,70.5,0
10/10/20,10,67980.6362127929,70,0
10/11/20,10,80477.9755191939,69,0
10/12/20,10,80248.7281518919,77,0
10/13/20,10,81541.0238834369,78.5,0
10/14/20,10,78140.4355001099,74.5,0
10/15/20,10,73368.2422785169,79.5,0
10/16/20,10,74210.940037826,75.5,0
10/17/20,10,74344.9762877319,72.5,0
10/18/20,10,74087.0268443379,73.5,0
10/19/20,10,73688.4420674159,71.5,0
10/20/20,10,73597.152215775,70.5,0
10/21/20,10,75532.4318887759,69.5,0
10/22/20,10,68709.070344657,70,0
10/23/20,10,65800.1320803759,68.5,0
10/24/20,10,52605.561559537,68,0
10/25/20,10,60219.962023818,63.5,0.03
10/26/20,10,51864.905234865,63,0
10/27/20,10,65804.8764946319,65,0
10/28/20,10,68201.881799964,64,0
10/29/20,10,71427.8082488449,66,0
10/30/20,10,70906.4034735749,67.5,0
10/31/20,10,69208.944297831,65.5,0
11/1/20,11,64554.002375621,72.5,0
11/2/20,11,63466.835769402,63.5,0
11/3/20,11,61926.53123565,68.5,0
11/4/20,11,66928.1304406859,69.5,0
11/5/20,11,48368.716511028,76.5,0
11/6/20,11,43382.547521456,64,0
11/7/20,11,58450.7066468939,58,0.04
11/8/20,11,47433.905477802,57,0
11/9/20,11,69397.9457254029,52,0
11/10/20,11,69571.6419850829,56.5,0
11/11/20,11,66738.0758232859,54,0
11/12/20,11,71264.6562247369,58.5,0
11/13/20,11,69295.4885104249,56.5,0
11/14/20,11,69862.0229058679,59.5,0
11/15/20,11,71651.3934427589,68,0
11/16/20,11,68051.3869241909,74,0
11/17/20,11,57685.033704348,62.5,0
11/18/20,11,53066.992900288,61,0
11/19/20,11,63567.951189162,62.5,0
11/20/20,11,43328.455823705,63.5,0
11/21/20,11,59772.351257505,62.5,0
11/22/20,11,59533.3793458889,58,0
11/23/20,11,57727.3640583319,57.5,0
11/24/20,11,65478.0784474159,59,0
11/25/20,11,68197.9796311529,57,0
11/26/20,11,64929.151341361,61.5,0
11/27/20,11,62785.887251839,58.5,0
11/28/20,11,67911.6222320019,60.5,0
11/29/20,11,67062.2335274479,60.5,0
11/30/20,11,60616.995472682,63,0
12/1/20,12,58500.5552043539,58.5,0
12/2/20,12,59955.7894478529,59,0
12/3/20,12,62717.929172256,62,0
12/4/20,12,57671.527839337,60.5,0
12/5/20,12,54864.187291011,56.5,0
12/6/20,12,63173.2598181829,57.5,0
12/7/20,12,37634.628465923,60,0
12/8/20,12,37574.117770356,69,0
12/9/20,12,44478.173766829,63.5,0
12/10/20,12,49554.5143722819,54.5,0
12/11/20,12,40828.9910098569,54,0
12/12/20,12,37882.8375916559,56,0
12/13/20,12,31031.3022634989,59.5,0
12/14/20,12,51036.210943054,58,0
12/15/20,12,54365.8420938609,56.5,0
12/16/20,12,54873.5017604599,58,0
12/17/20,12,37219.517413947,55.5,0
12/18/20,12,58390.7038371959,57.5,0
12/19/20,12,59192.298399997,57.5,0
12/20/20,12,60253.734153072,61.5,0
12/21/20,12,56014.7642392809,64.5,0
12/22/20,12,48811.549839097,56,0
12/23/20,12,49057.75911033,59.5,0
12/24/20,12,21037.48991611,58.5,0
12/25/20,12,56571.558974235,60.5,0
12/26/20,12,49683.916986177,57,0
12/27/20,12,37749.93463475,58.5,0
12/28/20,12,31782.227075544,50.5,1.49
12/29/20,12,54999.554211819,52,0
12/30/20,12,59477.323052031,55.5,0
12/31/20,12,50231.019477522,54.5,0
1/1/21,1,53460.3404738369,56.5,0
1/2/21,1,59883.1464413469,54,0
1/3/21,1,50240.6779038469,53.5,0
1/4/21,1,44417.495852821,55,0
1/5/21,1,55490.4719009369,56,0
1/6/21,1,59049.9548755089,57,0
1/7/21,1,58083.4943295499,58,0
1/8/21,1,61023.7033308329,56,0
1/9/21,1,44028.900107134,58,0
1/10/21,1,52660.6660546659,60,0
1/11/21,1,57430.089603102,59.5,0
1/12/21,1,61911.3496631849,58,0
1/13/21,1,62585.4603669439,60,0
1/14/21,1,61124.724044856,66,0
1/15/21,1,64095.595639906,70,0
1/16/21,1,40228.594331105,65.5,0
1/17/21,1,41608.5834449279,70,0
1/18/21,1,66011.269599833,61,0
1/19/21,1,42069.5803714649,60.5,0
1/20/21,1,36706.819482487,66.5,0
1/21/21,1,53750.726780465,60.5,0
1/22/21,1,37790.403960417,56.5,0
1/23/21,1,64269.493769067,50,0.37
1/24/21,1,34058.523424975,49.5,0
1/25/21,1,37263.450965996,48,0.17
1/26/21,1,49462.304194798,47.5,0
1/27/21,1,66931.466950338,52.5,0
1/28/21,1,52598.687740023,52,0.49
1/29/21,1,39816.858177954,51.5,0.34
1/30/21,1,63428.126470694,52.5,0
1/31/21,1,58789.8782393639,59,0
2/1/21,2,76238.72146014,64,0
2/2/21,2,78511.5152610779,60.5,0
2/3/21,2,73636.85181546,57.5,0
2/4/21,2,73782.789027998,58.5,0
2/5/21,2,71164.3260139359,59,0
2/6/21,2,44279.10885652,59.5,0
2/7/21,2,77205.6285661759,56,0
2/8/21,2,61209.235105788,54.5,0
2/9/21,2,70579.04656284,56,0
2/10/21,2,58400.938378066,56,0
2/11/21,2,73314.8437606839,55.5,0
2/12/21,2,52626.765372272,59,0.05
2/13/21,2,75565.69271314,56,0
2/14/21,2,83634.388240792,61.5,0
2/15/21,2,90230.85559973,55,0
2/16/21,2,86322.014133668,61,0.02
2/17/21,2,71536.512632794,56,0
2/18/21,2,91291.6090394539,60,0
2/19/21,2,94219.7040998499,57.5,0
2/20/21,2,85361.5266307619,58.5,0
2/21/21,2,95744.051978542,60,0
2/22/21,2,97077.2705405359,66.5,0
2/23/21,2,93420.110452802,61,0
2/24/21,2,88743.359077982,58.5,0
2/25/21,2,87128.402464326,62.5,0
2/26/21,2,102340.551916546,58,0
2/27/21,2,87690.149182245,58.5,0
2/28/21,2,53577.943744905,60.5,0
3/1/21,3,102687.551890252,60,0
3/2/21,3,95535.454040669,58.5,0
3/3/21,3,80030.161790081,52,0.48
3/4/21,3,66085.150591413,54,0
3/5/21,3,97621.5536527379,62.5,0
3/6/21,3,86538.446452273,58,0
3/7/21,3,67499.874205342,56.5,0
3/8/21,3,63272.197094824,58.5,0
3/9/21,3,75481.071942345,54.5,0
3/10/21,3,85383.164344839,53.5,0.4
3/11/21,3,71850.891630521,51,0.21
3/12/21,3,65756.31694509,51,0
3/13/21,3,95072.449084384,53.5,0
3/14/21,3,85306.109270749,56,0
3/15/21,3,84824.463297258,52,0.18
3/16/21,3,74679.746165926,51.5,0
3/17/21,3,75918.47687832,54.5,0
3/18/21,3,81249.712529232,57.5,0
3/19/21,3,96478.979780602,60.5,0
3/20/21,3,87737.261233414,58.5,0
3/21/21,3,103374.567541636,58.5,0
3/22/21,3,75998.809602843,56.5,0
3/23/21,3,97427.0619045799,60.5,0
3/24/21,3,105654.912872492,60,0
3/25/21,3,100469.018935716,56,0
3/26/21,3,100582.014736283,56.5,0
3/27/21,3,112782.76433405,63,0
3/28/21,3,108347.824695187,69.5,0
3/29/21,3,89614.802873536,62.5,0
3/30/21,3,107075.944219365,61.5,0
3/31/21,3,112139.559992686,70.5,0
4/1/21,4,115620.15910481,74.5,0
4/2/21,4,101425.17730493,60.5,0
4/3/21,4,115979.788242768,63.5,0
4/4/21,4,107426.335828584,62.5,0
4/5/21,4,106731.186074524,60.5,0
4/6/21,4,114998.338582335,61.5,0
4/7/21,4,107451.530379111,65,0
4/8/21,4,97563.199365291,63.5,0
4/9/21,4,117212.81236387,62,0
4/10/21,4,116891.588364749,64.5,0
4/11/21,4,110495.868981813,63,0
4/12/21,4,119403.996778625,62,0
4/13/21,4,119635.800820423,60.5,0
4/14/21,4,115768.422571681,58.5,0
4/15/21,4,118604.655772495,58,0
4/16/21,4,124602.031292025,61.5,0
4/17/21,4,117449.624205719,62.5,0
4/18/21,4,117514.366432205,70.5,0
4/19/21,4,117238.185822808,69.5,0
4/20/21,4,122913.748970938,60.5,0
4/21/21,4,107423.376789312,61.5,0.01
4/22/21,4,75153.029828821,60,0
4/23/21,4,96038.576637119,61,0